Cloudflare WAF Rules Wizard,https://github.com/presswizards/cloudflare-waf-rules-wizard/releases/download/InstallRelease/cloudflare-waf-rules-wizard.zip
Featured Images in RSS,https://downloads.wordpress.org/plugin/featured-images-for-rss-feeds.zip
Pretty Simple Popup,https://downloads.wordpress.org/plugin/pretty-simple-popup-builder.zip
Dynamic Copyright Year,https://downloads.wordpress.org/plugin/dynamic-copyright-year.zip
Easy Age Verify,https://downloads.wordpress.org/plugin/easy-age-verify.zip
Code Snippets,https://downloads.wordpress.org/plugin/code-snippets.zip
Better Search Replace,https://downloads.wordpress.org/plugin/better-search-replace.zip
Cloudflare Super Page Cache,https://downloads.wordpress.org/plugin/wp-cloudflare-page-cache.zip
Wordfence,https://downloads.wordpress.org/plugin/wordfence.zip
EWWW Image Optimizer,https://downloads.wordpress.org/plugin/ewww-image-optimizer.zip
Imsanity,https://downloads.wordpress.org/plugin/imsanity.zip
Redirection,https://downloads.wordpress.org/plugin/redirection.zip
SureMails,https://downloads.wordpress.org/plugins/suremails.zip
Migrate Guru,https://downloads.wordpress.org/plugin/migrate-guru.zip
ACF,https://downloads.wordpress.org/plugin/advanced-custom-fields.zip
Admin Site Enhancements,https://downloads.wordpress.org/plugin/admin-site-enhancements.7.8.4.zip
Query Monitor,https://downloads.wordpress.org/plugin/query-monitor.zip
Envato Market (ThemeForest Updates),https://envato.github.io/wp-envato-market/dist/envato-market.zip
Update This Plugin From GitHub,https://github.com/presswizards/add-plugin-from-url/archive/refs/heads/main.zip
